Pris;Areal;Alder;Sentrum;Sol;Farge;Prisvekst;Isolasjonsgrad
6367171;197;6;0;19;1;0,0000;3
6137932;232;1;0;20;1;368275,9200;3
5651824;201;3;0;20;1;339109,4400;3
5454319;200;4;0;15;1;327259,1400;2
5239246;192;1;0;18;1;314354,7600;2
4939420;151;7;0;16;1;296365,2000;3
4784663;215;9;0;14;1;287079,7800;2
4165819;180;1;0;17;1;249949,1400;3
4053147;217;1;0;14;1;243188,8200;1
3508633;135;16;0;19;1;343102,0000;2
3443844;266;30;0;12;1;339109,0000;1
2707815;138;28;0;16;1;290349,0000;3
7218513;268;1;1;17;1;0,0000;3
6912001;269;1;1;20;1;0,0000;2
5463064;211;4;1;15;1;327783,8400;3
5377769;201;5;1;14;1;322666,1400;2
4895862;270;14;1;18;1;293751,7200;1
4532822;143;17;1;20;1;271969,3200;3
4465358;176;1;1;18;1;267921,4800;1
4013763;218;27;1;16;1;0,0000;2
3748726;198;9;1;20;0;0,0000;1
2751142;139;13;1;14;1;293752,0000;2
2273633;177;20;1;12;0;259401,0000;2
2244053;120;34;1;5;1;258408,0000;3
2116449;154;39;1;55;1;250795,0000;3
1731155;134;28;1;17;0;222341,0000;1
1502027;150;35;1;16;0;0,0000;3
6778836;247;1;2;19;1;0,0000;2
6612465;249;1;2;18;1;0,0000;3
6039134;228;1;2;17;1;362348,0400;3
5750801;229;4;2;20;1;345048,0600;2
5598915;221;12;2;15;0;335934,9000;3
5540288;162;1;2;15;1;332417,2800;2
5352907;213;15;2;19;1;321174,4200;3
5185086;248;1;2;12;1;311105,1600;1
5072269;236;6;2;16;1;304336,1400;2
4859344;206;8;2;13;0;291560,6400;1
4839152;170;9;2;16;0;290349,1200;2
4554634;212;6;2;17;1;273278,0400;3
4323358;244;9;2;19;0;259401,4800;3
4038241;114;11;2;19;1;242294,4600;3
3752449;150;11;2;18;0;0,0000;2
3705689;156;9;2;17;0;368276,0000;2
3426134;216;19;2;19;0;335935,0000;1
3295922;127;16;2;17;1;333287,0000;2
3272454;192;22;2;17;1;332417,0000;2
3075032;240;35;2;12;1;324824,0000;3
2892528;231;35;2;14;1;314355,0000;3
2856792;182;23;2;13;1;311105,0000;1
2395100;184;31;2;16;1;271969,0000;1
2071668;185;25;2;7;1;241462,0000;1
2070067;123;15;2;19;0;240826,0000;2
1799708;182;27;2;19;0;224924,0000;1
4646362;228;9;3;13;1;278781,7200;3
4623608;209;12;3;17;1;277416,4800;3
4347230;192;6;3;19;1;260833,8000;2
4306795;203;8;3;14;0;258407,7000;2
3793751;158;9;3;19;0;0,0000;2
3604727;130;12;3;20;1;345048,0000;2
2956223;181;35;3;15;1;321174,0000;3
2829442;120;19;3;16;1;309872,0000;3
2612865;113;5;3;14;1;287080,0000;1
2096283;122;25;3;18;0;243189,0000;3
1912207;123;30;3;5;1;225147,0000;2
1497960;134;23;3;13;0;205568,0000;1
5718360;266;5;4;20;1;343101,6000;2
5355883;192;9;4;18;1;321352,9800;2
5164528;147;2;4;15;1;309871,6800;3
4798260;259;25;4;13;1;287895,6000;3
4185810;222;8;4;15;1;251148,6000;2
4179924;164;3;4;17;1;250795,4400;3
4024373;255;1;4;15;1;0,0000;1
2745538;244;31;4;14;1;291561,0000;1
2687805;155;23;4;14;1;287896,0000;3
2124065;151;21;4;14;1;251149,0000;1
2099449;159;25;4;13;1;249949,0000;3
1551743;136;27;4;8;0;0,0000;1
1465422;149;20;4;14;0;197755,0000;1
5554782;206;0;5;13;0;333286,9200;1
5413733;201;11;5;15;1;324823,9800;3
3650180;183;21;5;19;1;362348,0000;2
3212528;130;22;5;15;1;327784,0000;3
3140161;245;31;5;16;1;327259,0000;2
2467587;188;19;5;17;1;273278,0000;3
2365803;123;18;5;5;0;267921,0000;3
2297392;229;38;5;18;0;260834,0000;2
1506193;142;36;5;12;0;0,0000;3
2971882;268;28;6;15;1;322666,0000;1
2961138;244;38;6;14;1;321353,0000;2
2760909;261;29;6;16;1;304336,0000;1
2758896;143;14;6;19;1;296365,0000;1
2569162;132;17;6;19;1;278782,0000;3
2515280;194;34;6;16;1;277416,0000;3
2081201;121;17;6;20;1;242294,0000;1
1923314;188;38;6;7;1;227625,0000;2
1675049;123;27;6;13;0;0,0000;2
1304655;156;28;6;9;0;196347,0000;2
1133881;146;29;6;11;0;184502,0000;1
1294619;216;36;7;19;0;192752,0000;1
1145308;120;23;8;9;0;188410,0000;2
1034889;194;40;9;10;1;177668,0000;2
1060179;110;15;11;11;0;178313,0000;1
