Kjonn;Alder;Treningstid;Inntekt;Matbudsjett;Antall;Hobby
1;26;5;573705;5527;1;3
2;41;0;814428;5742;2;1
2;51;3;1107420;12894;3;4
1;33;2;1010615;8270;3;4
2;27;1;429147;5868;1;1
2;44;3;708213;2374;1;1
2;35;3;981673;8068;2;4
2;38;5;601176;3786;2;2
2;35;3;944276;18385;4;4
2;31;3;930722;13946;3;4
2;49;5;946874;11083;5;4
1;21;1;526206;5470;1;3
1;51;4;821408;5605;1;3
2;44;3;855377;5748;2;1
1;44;1;676992;13661;4;3
1;23;5;946202;11826;2;4
1;38;4;628446;9804;4;3
1;23;2;563024;10432;2;3
1;32;2;646704;3154;1;3
2;55;4;836260;6771;3;1
1;42;4;1135471;19386;4;4
2;25;6;518429;6333;3;2
2;43;4;872941;5219;1;2
1;52;0;746131;25926;5;3
1;31;3;673840;5205;2;3
2;40;2;870010;15292;4;4
2;30;4;773228;6381;1;4
2;48;3;847458;8087;2;4
2;22;4;882659;7085;1;4
1;47;4;1148214;7197;1;4
2;39;4;1019133;12829;4;4
1;45;5;690207;5221;2;1
2;43;4;717516;4004;2;1
1;40;0;699906;4252;2;1
2;49;1;786519;10164;2;1
2;23;3;665924;4319;1;4
1;55;2;923966;7736;3;1
2;29;3;941530;12634;3;4
2;29;3;551850;3274;1;1
1;43;4;1103175;6429;2;4
1;23;2;544213;5178;1;2
2;46;6;685512;19565;5;2
1;23;2;594537;9799;2;1
2;51;3;647934;10915;3;2
2;29;0;611168;2992;1;1
2;30;1;684056;9595;3;2
2;47;2;1156317;6830;1;4
2;27;2;682204;3249;1;2
1;41;1;741434;19901;4;3
2;53;4;776531;15256;3;2
1;54;3;917777;4821;1;1
2;54;4;991842;8949;3;1
2;44;6;766508;12590;4;1
2;53;2;929217;4218;1;1
2;25;4;874010;5348;1;4
1;20;1;500861;2400;1;2
2;31;3;584547;5387;1;1
1;54;2;892126;2273;1;3
1;25;2;593153;5268;1;2
2;36;3;661969;3340;1;1
2;28;3;555421;3689;1;3
1;21;5;455577;3166;1;2
2;37;4;665088;2877;1;1
1;55;1;808336;5901;1;2
2;47;4;780746;2181;1;1
1;45;5;766016;3815;2;2
1;23;1;472783;5613;1;1
1;55;3;907372;11323;3;1
1;50;1;839628;8788;5;2
1;49;5;734609;25073;5;2
2;53;4;945371;25727;5;4
2;38;4;1117150;11459;2;4
1;37;0;761543;4554;2;1
1;49;0;690790;19015;5;1
1;40;3;806582;5967;2;4
2;22;3;539432;2178;1;2
2;25;3;603489;5670;1;1
1;32;2;674144;11277;3;3
2;22;6;573493;3802;1;3
1;47;4;929337;25939;5;4
1;41;5;629886;17511;4;1
2;31;1;843412;8028;2;4
1;42;5;1125185;6236;1;4
2;50;4;879390;8443;3;1
2;37;3;761515;4035;1;2
2;26;4;523992;9216;3;1
2;27;1;540167;7019;3;3
2;38;4;884090;7776;2;4
2;48;5;822479;13347;5;2
1;39;3;882912;5583;2;4
2;49;4;695840;16883;5;2
2;41;4;915819;8126;1;4
1;29;1;1007048;16748;3;4
1;45;3;758127;4191;1;1
2;52;3;707415;7016;3;3
1;47;1;690785;9257;2;1
1;29;4;665752;11616;3;3
2;48;3;801079;4336;1;2
2;37;2;557138;5159;1;3
1;20;3;778595;9143;2;4
2;42;2;790768;5660;1;4
1;36;4;838753;4304;1;4
1;50;3;802944;10931;3;1
2;44;2;828400;19408;4;3
1;23;3;566853;2437;1;1
1;28;5;511208;12853;3;2
1;47;3;625121;5896;2;1
2;49;3;1028869;27174;5;4
2;43;4;745366;4202;1;1
1;52;5;754011;9312;3;3
2;39;1;1157962;10601;2;4
1;28;4;686625;4426;1;2
1;27;3;551358;13077;3;1
1;43;4;1132552;16674;4;4
1;33;4;581562;7311;2;2
1;37;5;760460;7993;2;1
2;20;0;684304;5875;1;4
1;31;6;578385;5986;2;3
2;48;6;785592;4285;2;1
1;45;5;741761;6615;2;3
2;52;5;735247;8983;5;1
2;34;1;703381;7307;3;3
2;42;2;623263;3439;1;1
2;48;3;1247878;8061;1;4
2;40;3;678680;18904;4;1
1;38;3;720088;2364;1;1
2;24;4;563518;9621;2;2
2;42;1;772759;9587;4;3
2;55;5;676589;9173;3;1
2;39;2;701257;6039;2;1
1;27;2;627385;6861;3;3
2;28;4;597946;5415;1;2
2;33;2;656214;2416;1;2
1;25;1;612176;4360;1;1
1;20;3;571597;4422;2;2
2;28;2;720531;5789;3;2
1;35;2;1010573;14036;4;4
1;35;4;626579;7623;4;3
1;31;5;642570;4862;1;3
1;24;2;957494;10015;2;4
2;48;4;741089;16744;5;2
2;46;4;635037;4469;1;1
1;30;2;615013;4680;1;2
1;47;3;1189500;11008;2;4
2;55;5;824650;2785;1;3
1;38;3;990344;5920;1;4
2;54;3;798791;7219;3;2
2;50;2;945800;4644;1;4
2;38;4;661562;6453;2;1
2;43;4;687590;9639;4;2
1;21;6;876391;11561;2;4
1;26;5;596686;3893;1;2
1;50;3;913209;23912;5;4
2;36;4;629492;4710;1;2
1;46;6;773876;3234;1;1
2;55;2;960206;6711;1;4
2;29;3;562777;2823;1;3
2;33;3;752296;4225;1;1
1;26;1;906933;5305;1;4
2;28;3;675969;2760;1;2
1;33;1;1124295;7708;2;4
1;27;4;849203;6604;1;4
2;36;5;1113374;4188;1;4
1;42;4;685067;5592;2;3
2;35;3;731048;5772;1;2
2;45;2;928204;5288;1;4
1;28;1;654947;15187;3;1
1;55;4;828035;3619;1;2
2;26;4;990802;7239;1;4
1;37;1;717367;4873;2;3
2;27;2;650154;13848;3;1
1;40;5;560380;16296;4;2
2;45;4;650574;8058;2;2
1;22;5;632986;8895;2;2
2;36;2;600345;5430;1;2
1;43;4;728097;10039;2;3
2;44;2;659772;6246;2;3
1;24;4;620871;6446;2;2
1;43;0;702159;8355;4;2
1;50;4;739164;15955;5;3
2;45;4;761254;4043;2;1
1;40;1;988176;17223;4;4
2;53;3;815272;11098;5;1
1;43;3;874627;6531;1;4
2;47;2;669123;8303;2;1
1;49;3;980512;17007;5;4
1;53;3;739072;4316;1;3
1;42;0;1105688;6975;1;4
1;27;4;655231;4279;1;1
1;29;3;513995;4914;1;1
2;20;2;1061222;13632;2;4
1;39;5;673136;10410;2;1
1;37;4;660243;4861;1;1
2;40;4;1250577;23853;4;4
1;23;0;486273;8258;2;4
1;21;3;650725;4136;1;3
1;40;1;846112;16275;4;4
2;24;3;483729;4349;1;1
1;36;3;698163;4431;1;2
1;30;3;560077;11379;3;2
2;50;5;659988;2165;1;2
1;47;4;1192020;13015;5;4
2;51;4;790927;19309;5;1
1;40;2;889778;5190;1;4
1;26;2;522784;3228;1;1
2;29;3;950900;5130;1;4
2;47;5;741875;3008;1;3
1;55;2;1098700;10325;3;4
1;39;0;789911;5863;2;3
1;32;4;554385;13632;3;2
2;38;3;669371;10967;2;3
2;30;3;668974;5313;1;2
1;54;3;822778;11845;3;2
1;53;4;847884;14621;3;1
1;23;2;670352;5406;1;1
1;32;3;542666;5262;2;2
1;21;3;617472;3421;1;3
2;20;2;452879;10245;2;2
1;44;2;792825;2726;1;2
2;55;4;960304;18032;6;4
1;25;4;679359;6295;1;4
1;26;1;822193;5021;1;4
1;23;5;551160;5242;1;2
2;54;2;832664;5737;1;2
2;53;5;816076;8605;3;3
2;48;4;1115513;6460;2;4
1;24;3;588673;5291;1;1
1;46;3;647808;4582;1;3
2;52;5;1231085;9370;1;4
2;29;3;590858;2811;1;3
2;25;1;1005835;6163;1;4
2;53;2;1148201;28186;5;4
1;27;0;695008;5522;1;4
1;50;3;792651;3154;1;1
1;28;5;898959;8247;1;4
2;40;2;653600;12814;4;1
2;27;1;627282;4168;1;3
1;23;5;560936;3664;1;1
2;41;2;758383;9942;2;2
1;47;6;768056;2184;1;1
1;23;4;658672;10496;2;4
2;40;1;734957;20237;4;3
1;27;4;916565;5982;1;4
2;39;5;722585;8518;2;1
2;51;1;801739;18365;5;2
2;20;3;482139;5839;1;2
2;25;3;521965;15013;3;3
1;47;5;1223712;14605;5;4
1;50;3;767714;3113;1;3
1;29;4;957230;15321;3;4
